Z_PK,Z_ENT,Z_OPT,ZORDERNUMBER,ZRECIPE,ZIMAGEFILENAME
1,1,1,1,1,88387F6E-97FD-4D62-BA52-DCF53DC0807F.jpg
2,1,1,1,2,FB11DD6D-6CEC-40A1-B395-C0DCA4BF89BA.jpg
3,1,1,1,3,A4938880-67D5-4AF5-B2E9-A8773FDDB005.jpg
4,1,1,1,26,E7163DFF-CDDE-4384-BD8E-F0143F61D906.jpg
5,1,1,1,27,2158D203-D6AD-4E60-B4D3-F90EA62CCFAA.jpg
6,1,3,1,,3D211E33-3F6C-4E6A-8601-6A3346609D65.jpg
7,1,2,1,,7EC3B7F7-88BD-423D-88FD-D8581AD3396A.jpg
8,1,3,1,,20904925-A8EF-4D62-A0C4-C913C2AD531F.jpg
9,1,1,1,31,0BE16A99-B1CB-47F5-96FF-32E7C7D41227.jpg
10,1,1,1,32,A2F7E0DA-7772-4768-9365-7CF1B3F03457.jpg
11,1,1,1,33,C5BB40F9-6B94-4549-B862-03C288DB837D.jpg
12,1,1,1,34,18CC8D5B-FC31-43D2-92BC-258AE93BEDA9.jpg
13,1,1,1,35,94B4CB5C-7AF7-456C-B42F-B94023A1F866.jpg
14,1,1,1,36,55A3A7DC-5599-4D56-AA7B-5AD622436662.jpg
15,1,3,1,,47A2122C-594B-4A96-8AEC-1B3741E43EDA.jpg
16,1,4,2,,D7574EDB-A8FB-45AD-90DF-F6478CB57998.jpg
17,1,2,1,,E855D025-1B7E-4943-A94A-E7226AB40CDC.jpg
18,1,1,1,43,A8B5D904-A163-40ED-A6AF-9CA1CFB88DE0.jpg
19,1,1,1,44,4695E71E-B7E7-4968-AE56-31D2D6D9CC1D.jpg
20,1,3,1,,FE050CBD-3971-4E3B-B699-44D464EBF06A.jpg
21,1,2,1,,EE5D019D-31E1-490C-84A8-DEC4FCFE4BA1.jpg
22,1,1,1,47,ACC2391D-9D3A-454B-B4D7-E3E1046DFFD1.jpg
23,1,2,1,,9E77261E-1B73-40EC-B8A7-002E5BEA9B3E.jpg
24,1,1,1,49,D25A3B2F-718E-488F-9893-68DF0BE0B78E.jpg
25,1,2,1,,96E0F85A-8211-4918-B9A3-0CF960AE19D3.jpg
26,1,2,1,38,51A5568F-B245-4C77-AD1A-B6056D9418D6.jpg
27,1,1,0,,22DB5069-0810-4F77-A275-C303A64EF2F3.jpg
28,1,1,1,46,021540A5-BC5E-41B2-A6F4-ED5BA6052366.jpg
29,1,1,1,29,7B3579EF-A28D-4541-BDE8-E4C45BF6BD03.jpg
30,1,1,0,37,5AE75376-7CB1-401F-A89C-532D48E60673.jpg
31,1,1,0,30,588EB691-B7A0-46FE-8447-777B0F237AAD.jpg
32,1,1,0,45,E5DEF7FE-54AC-46D3-BDD1-928141EF8585.jpg
33,1,1,0,28,7F55C16A-BA8A-4959-804D-F742CC95DE51.jpg
34,1,1,2,48,3F37245D-FBF3-43AE-B340-07E461A3E3ED.jpg
35,1,1,1,50,439BCA3E-5617-40D4-984C-414F2371CC3F.jpg
36,1,1,1,51,77232D1F-C085-4DBB-AF59-F70B90229DC2.jpg
37,1,2,1,,40F658EA-41C9-4FFD-B7D8-43901D403D4E.jpg
38,1,1,1,53,8F274E88-00CB-48F8-8114-3E63E518D209.jpg
39,1,1,1,54,13427A86-E229-4443-B0C4-F692307FD31A.jpg
40,1,1,1,55,ECF7B61D-08A3-4989-98C1-5A7E0B7ADFD1.jpg
41,1,1,1,56,4BD03F8F-A55F-4D6E-8C27-7A3FC77CB94A.jpg
42,1,1,1,57,5A97AF4E-D743-400A-8DFB-BF6DEB339056.jpg
43,1,1,1,58,B43D7AD4-2A4F-45C7-80DE-07FF2E91ADD0.jpg
44,1,1,1,60,BDAFB226-8E5B-459E-8182-524EA6C00796.jpg
45,1,1,1,62,19BF7A27-39BB-44B4-AC38-97D893723879.jpg
46,1,1,1,59,2DE3CE7B-1D3D-419A-8BF2-5C160B3D9219.jpg
47,1,1,1,63,06B39854-5E7A-43EE-A24C-CB875A7C18A1.jpg
48,1,1,1,64,996AC618-8774-4C8F-B487-5BF7465A8FCA.jpg
49,1,1,1,65,7BC3D812-99DF-4C40-A94A-CF4007DBB530.jpg
50,1,1,1,66,B44076D0-0902-4C3B-8D93-4B3114C58257.jpg
51,1,1,1,69,B196900B-47B7-4FC1-9ECE-CFFE977385DB.jpg
52,1,1,1,70,C0F16A63-7EE8-4863-8ADF-D023F12ABBE3.jpg
53,1,1,1,71,98BDFF9E-14CE-467E-BD26-3B36EB52FEF0.jpg
54,1,1,1,72,667C3DDC-EA7C-4956-AEEA-6B48197E2B15.jpg
55,1,1,1,73,957F0900-6800-4236-B25E-59C4DEC160C6.jpg
56,1,1,1,74,838BAD73-343C-4F16-99D8-7F6E23352EB4.jpg
57,1,1,1,75,FBD79BF5-314A-45B3-9428-DD9F917F397A.jpg
58,1,1,1,76,69BF2C57-D761-4F8D-AEB9-FF641E69CB22.jpg
59,1,1,1,77,32449B40-2693-4C5B-8E88-BE208C73CB6C.jpg
60,1,2,1,,6F292300-E6FB-4842-978F-D87F805DF0D9.jpg
61,1,1,2,,DB7BC9E7-8488-4AFD-A09A-E26ED8D3BB05.jpg
62,1,1,3,78,33C98485-832D-4058-A396-C312E18F07D0.jpg
63,1,1,1,79,FBD21A2C-A3D3-4D55-BF64-98B8C4BEEC15.jpg
64,1,1,1,80,2D4F9157-6EB5-4E7F-85CD-98336130A6DC.jpg
65,1,1,1,81,C29F5553-6FF7-45E1-B5A5-3741E7720940.jpg
66,1,1,1,82,B808984C-2396-40ED-A176-30152CF91D2A.jpg
67,1,1,1,83,A86590F0-8104-4FED-8345-AD509DDD9464.jpg
68,1,1,1,84,88A1B230-028C-4A2B-9FFE-F53ACA9D2DC5.jpg
69,1,1,1,85,C97803C8-7864-4CB3-ABC1-03581B0D6139.jpg
70,1,1,1,86,F2004BAF-FFEE-407A-A11F-41C6C6ACF866.jpg
71,1,1,1,88,DCB466B4-2041-48EF-8292-E6632F838668.jpg
72,1,1,1,89,81B2D45C-0A26-4CC8-A4F4-F30FB3826817.jpg
73,1,1,1,90,1A3E7AAC-D4F7-45CD-827A-0B11E98F667B.jpg
74,1,1,1,91,CD1E396F-FE4C-4BF7-AEB9-AA08A18DFB2E.jpg
75,1,1,1,92,C9124767-E0B8-461C-A6B1-256E17355E2A.jpg
76,1,1,1,93,4023606F-1D82-48C1-875B-1333019718E1.jpg
77,1,1,1,94,4968CA1F-E31B-4247-A427-FA0C60374CB3.jpg
78,1,1,1,95,CF3AD721-46AF-47DA-BC45-575C71D4785C.jpg
79,1,1,1,96,A0A6DA4C-BB6E-4D74-823A-A206EB93E77A.jpg
80,1,1,1,97,CE7F6E9F-BBC4-4ADE-A210-ECB4EBD18143.jpg
81,1,1,1,98,E15298C6-7ABC-4781-A738-11C7E1624A83.jpg
82,1,2,0,,8C74C0FA-F483-41B2-BC75-A5529D3FB4BD.jpg
83,1,1,1,,752A9705-024E-4BDF-B7FD-E61CA08162A0.jpg
84,1,1,2,,FC6B282C-3769-4850-9A49-8826434413B8.jpg
85,1,1,2,99,DA58856D-17E5-46A5-9403-66965B178508.jpg
86,1,1,1,100,0389AE56-84F3-4FEE-AC75-1CE76CA30521.jpg
87,1,1,1,101,309DD2A9-B6CD-44B5-BD46-442FA452B243.jpg
88,1,1,1,102,0CAC7FDB-4176-4CC6-BA1E-3A8AE48930B8.jpg
89,1,1,1,103,4CF282C2-D84A-44C5-9DD9-DF331EEDAEB4.jpg
90,1,1,1,104,27D0E16F-2861-4D20-A7C9-5DCE60743F71.jpg
91,1,1,1,105,6E71A368-B019-4B85-9A13-5173F7DA7918.jpg
92,1,1,1,106,1D151890-467B-4FF6-8EDE-B7F61935A528.jpg
93,1,2,1,,A980562E-54D8-4227-A4C7-F0FE6F793E4C.jpg
94,1,1,2,107,59B3F744-39B6-46E7-A914-9CD10532C262.jpg
95,1,1,1,108,4D69BDD8-5CC5-49FF-87DC-0F46965E8E42.jpg
96,1,1,1,109,86B27840-9BF3-4030-BD84-6BEE3510D15E.jpg
97,1,1,1,110,F88F4490-D8E7-45DB-8D00-05ACA120C924.jpg
98,1,1,1,111,C1D73044-9537-4CF0-9813-DB23688ECA79.jpg
99,1,1,1,112,1B2E3037-2FFA-4ED4-B7F3-D0D074126306.jpg
100,1,1,1,113,AD7FFB84-E1BE-404B-9E0E-ABDD82B17598.jpg
101,1,1,1,114,9FF9A88C-612C-42C5-983A-CBF181E74E45.jpg
102,1,1,1,115,5DF56792-F5CC-410F-8BA5-23EEF120836E.jpg
103,1,1,1,116,EEC01D27-9DD8-4BA3-9F9D-9A4038C6D628.jpg
104,1,1,1,117,11DA021B-43DA-4A64-97E5-1953ED02C2BC.jpg
105,1,1,1,118,E0EE4B83-5A40-40CD-8032-D111977E93FB.jpg
106,1,1,1,119,E23D7E1F-C416-497E-8D8D-68569A76F63A.jpg
107,1,1,1,120,866B4E4A-2884-4049-9CAF-FC5850AACA4F.jpg
108,1,1,1,121,82ABA31C-3D09-4032-9CDA-C6B40CD790CE.jpg
109,1,1,1,122,CC3F526B-B08D-4D1F-84B5-15FBCFD55122.jpg
110,1,1,1,123,B251755F-92E3-41B3-AA8E-373CB9B2C324.jpg
111,1,1,1,124,F4D9AE51-0853-45F2-9549-2A0FE3607D78.jpg
112,1,1,1,125,BAA25C72-C9D9-4B1C-94EB-2725D146B143.jpg
113,1,1,1,126,35CB9CA0-60D3-4CB7-A1A3-72DC7BBB2724.jpg
114,1,1,1,127,3C1BE47F-4E5B-4985-B0E2-CEEFD0248219.jpg
115,1,1,1,128,B1AE7832-C866-4DAF-9669-6F6DFFB711B7.jpg
116,1,1,1,129,83C8A259-9BD3-47CB-A137-2ECEE63C041E.jpg
117,1,1,1,130,539C72D7-1EDA-44F5-8113-239BA2800194.jpg
118,1,1,1,131,12A0D8EB-536A-424D-B820-DC87C014A8E5.jpg
119,1,1,1,133,92EF2690-7E25-4302-85F9-B90B1F7FDE39.jpg
120,1,1,1,134,4C8DE493-91BE-45E9-810E-5E446817EFD1.jpg
121,1,1,1,135,EA5D5491-9FF1-4F1E-9367-A98C78A777F4.jpg
122,1,1,1,136,595B602C-0A7B-447F-915A-B5CBF8F2AB87.jpg
123,1,1,1,138,9455C971-357D-4BCE-B6D5-8082C5209236.jpg
124,1,1,1,139,348456E2-D4E6-473C-8C10-410C2188EE38.jpg
125,1,1,1,140,1C50A566-E286-4F5D-A0C9-03CB6A37EA12.jpg
126,1,1,1,141,3D7A89CF-67D8-426C-99B2-9F84BA93B7B5.jpg
127,1,1,1,142,1AF39795-A198-4AB2-B3B5-88C787704D67.jpg
128,1,1,1,143,003D0E2C-176B-4476-8F1F-233439BBA59E.jpg
129,1,1,1,144,D96B179A-3C11-4899-A638-B1BA6E7F2B29.jpg
130,1,2,1,,A820944A-7920-429F-8082-B454432ECB8E.jpg
131,1,1,1,146,9E56562E-24F1-4E8A-9383-9C28BED14F59.jpg
132,1,1,1,147,0B643ECE-B1EC-4EEF-A5B2-3DED4BA46CDA.jpg
133,1,1,1,149,C44A0E05-06F8-497D-978E-63353359433D.jpg
134,1,1,1,150,CFDB3944-F61E-4452-B26A-932BC93FE387.jpg
135,1,1,1,151,808789BC-979B-4C69-AC36-CE57D2906351.jpg
136,1,1,1,152,55D89E17-FF77-473A-9A97-7CA5141D113D.jpg
137,1,1,1,153,007BC2E8-C136-4891-A7C1-847DB0DC7DBF.jpg
138,1,1,1,154,54A60698-12EB-401A-A511-D66A76E4C68E.jpg
139,1,1,1,155,34ED6A4D-25F6-489F-8F84-A56E66C1C326.jpg
140,1,1,1,156,03FADDDD-8BB4-4C52-BFFC-C40DBED1EC62.jpg
141,1,2,1,,51A68055-06CC-48B3-9449-D920FA1714EC.jpg
142,1,1,2,157,DC65BC49-0E7C-4992-AE51-FD84ECD90378.jpg
143,1,1,1,158,ACD7196A-C68E-4215-988C-20D6CFA4278A.jpg
144,1,2,1,,EC811C11-6072-47AC-81A1-5EBBAE71E2A0.jpg
145,1,1,2,159,3313A412-1EFF-439E-A4EF-58C35AAD09D7.jpg
146,1,1,1,160,12458F99-A7B1-4BB3-86F0-AD952D7B20F6.jpg
147,1,1,1,161,9B70C182-6CA0-46BC-A6AA-4725492A3FEE.jpg
148,1,1,1,162,7C52738F-1E35-4FD3-8FC7-C09E0CD67580.jpg
149,1,2,1,,78A4B63E-42EB-432A-9255-3531D7160D0F.jpg
150,1,1,1,164,228428E5-3EC5-4258-8744-AF6C68EC4246.jpg
151,1,1,1,,80F674AA-3468-475B-BB7B-6BFEFF831784.jpg
152,1,1,1,165,DA9AFF0D-9A04-4159-9CEA-661132D5D3B3.jpg
153,1,1,1,166,6798DDAB-3A19-49FB-B231-25998B58340C.jpg
154,1,1,1,167,C4ECB2CD-2589-4897-88E6-C2BC23A8BDD0.jpg
155,1,1,1,168,EBEA85F9-E3C0-4F03-8D33-6F1256F2A9A6.jpg
156,1,1,1,169,0F21FC92-AB11-45BE-9132-A4B7A685BEA1.jpg
157,1,1,1,170,D12F0CD0-7E2A-403C-9240-EE8DAD6078B7.jpg
158,1,1,1,171,485BB185-DC50-4056-A020-93819E70EB29.jpg
159,1,1,1,172,C51541DB-A40D-4F81-AAFE-011B07F5F098.jpg
160,1,1,1,173,7E125B90-0911-4048-83BF-D5803EEAA86C.jpg
161,1,1,1,174,A12356DF-77C1-4BBF-919C-2B3059E96618.jpg
162,1,1,1,175,0E658A7F-F835-4F26-AD01-06D277624D2C.jpg
163,1,1,1,176,4B13D972-23AB-4A23-A85A-748900D066B7.jpg
164,1,2,1,,5F2ECBE5-BA35-4095-9E7F-D315A0C196C6.jpg
165,1,2,2,,6C243600-3E94-4CAC-909A-277EBBD54A3D.jpg
166,1,1,3,177,A9838530-9068-426B-B590-475FB90CB7B1.jpg
167,1,1,1,179,6AB5244E-32C5-4789-BF95-E0FD08DA2C6E.jpg
168,1,1,1,181,A2151CFB-E118-4C1F-8ADD-1629415BC4DF.jpg
169,1,1,1,182,5CC93D33-6A27-4A7F-A577-9034B0FFF3B9.jpg
170,1,1,1,183,E849C709-E770-4BF1-B8DA-E869EBDA2D3E.jpg
171,1,1,1,184,488D926D-9985-403B-B6A9-C3C62281D094.jpg
172,1,1,1,185,D3B8EBC3-D92E-455F-BBFE-102608499C4C.jpg
173,1,1,1,186,E16FC6AD-5AD2-468C-9750-128C18E793AF.jpg
174,1,1,1,187,A6068950-7319-4FF7-8BD0-78CFDEF2E09D.jpg
175,1,1,1,188,C51E5BFE-B2E3-4DC4-AA26-F1E72EB1ADD9.jpg
176,1,1,1,189,27E98F05-C704-4494-AB0F-F0B424860562.jpg
177,1,1,1,190,C5C2F3FD-A104-4240-92F4-07D19E04AF50.jpg
178,1,1,1,191,C895C943-5746-4137-A190-1D54E32D7451.jpg
179,1,1,1,192,EA2E2B32-F627-49F8-8F3F-DA74B43965B3.jpg
180,1,1,1,193,34B3B175-57A2-48B9-82CC-2B01C49AFF8F.jpg
181,1,1,1,180,B6CC6A0E-EAB3-4D83-BB62-9E461DF8997C.jpg
182,1,1,1,194,9337CF81-803C-43C5-9ADA-3FED9D33CFB5.jpg
183,1,1,1,195,D6D03404-AAB2-4056-9E61-24B49AE52FFD.jpg
184,1,1,1,196,6E624C81-883D-4119-BF72-1E0979F0AD17.jpg
185,1,1,1,197,84E46AE0-2AFD-4D52-81F7-B4E840556450.jpg
186,1,1,1,198,CD3F2A4B-B5C2-4EE4-8C6B-573B2073D18C.jpg
187,1,1,1,199,821DCFD6-7405-4AEE-8AD8-8B304544087E.jpg
188,1,1,1,200,788334C2-22F7-4E20-B86A-54B64A59DF22.jpg
189,1,1,1,201,B509D8FC-DE0C-44A6-8289-F2D206BC7BA6.jpg
190,1,1,1,202,3FB54A3B-32BB-4952-85C9-6056BB563C8E.jpg
191,1,1,1,203,5DC92532-9A18-42D0-B4EA-BE7A7A44085F.jpg
192,1,1,1,204,7355F95F-F5D5-41CD-B9DA-3CE41153A7EA.jpg
193,1,2,1,,73788B6C-8E52-42FE-8900-4B8AC7166DCD.jpg
194,1,1,1,206,852E930D-9669-4A61-A06A-4CA64D49CD86.jpg
195,1,1,1,207,ED62CC07-1AA0-41B8-B552-C2EED6EEEC48.jpg
196,1,1,1,208,7CA7115C-8900-4098-A01B-1E43B836E72B.jpg
197,1,1,1,209,7015F96F-3B1B-4E52-B2CF-88C07DDC0CC9.jpg
198,1,1,1,211,E782055A-0119-43F7-B279-4609DEAC71DD.jpg
199,1,1,1,212,564BB6AE-DE27-4851-8C21-D6ABCF2FEAD2.jpg
200,1,1,1,213,C6F06026-ADE4-4E50-97C1-3777C33681D8.jpg
201,1,1,1,214,84DF4669-79D2-468C-9474-DBF0D029BEA8.jpg
202,1,1,1,215,C9B77780-7EA7-4D39-A5BA-852002143219.jpg
203,1,1,1,216,4CD903FB-119E-44F9-9475-9ED52ACE7525.jpg
204,1,1,1,217,4EAE06D7-AB79-4F99-B0A0-873A2964A10F.jpg
205,1,1,1,218,82FF925A-BF0A-45E6-9A17-16A8F8C47C31.jpg
206,1,1,1,219,C91743AB-81F4-4FF1-9666-1133385B09F3.jpg
207,1,1,1,220,F729FE17-BA2B-40C4-A28A-24783447C5A3.jpg
208,1,1,1,221,D6814FAB-4107-4538-96A7-0FDCB63086DD.jpg
209,1,1,1,222,9134938A-76D3-4B65-B3F1-4E30E0CB14DE.jpg
210,1,1,1,223,2EC63D36-F0A5-426E-B1B2-52436BA295FA.jpg
211,1,1,1,224,D9B42AE2-2F68-4BCF-BDCE-AB33806121D2.jpg
212,1,1,1,225,BF752FBD-51B9-4F6E-B929-9F5C04D98A79.jpg
213,1,1,1,226,9E9393C4-9766-4FBC-808B-756F774D9A3F.jpg
214,1,1,1,227,371343B0-3C03-4486-80EF-C63F31176F17.jpg
215,1,1,1,228,BDD99DE5-2E69-435E-A2B9-65D1E35C258C.jpg
216,1,1,1,,706E6D23-3CEF-477D-A597-D194D7343EEB.jpg
217,1,1,1,229,215A4EA2-B51A-4CE4-99B0-D1ACF79D365A.jpg
218,1,1,1,230,E7D3CC5A-EFAC-4FEC-8600-DBD5B3D391AA.jpg
219,1,1,1,231,418396A3-5BB1-4DCE-A726-FD77AAAEC3D8.jpg
220,1,1,1,232,27844E01-EFD1-4045-83E1-EAD2C4169D47.jpg
221,1,1,1,233,50FE5B0D-06A5-4F92-B118-7225B8A9E498.jpg
222,1,1,1,234,0F4ABF57-04D2-4B6C-8DC8-2EE8F7A81635.jpg
223,1,1,1,,610CCB16-9B92-4143-B10C-FA6072468EDA.jpg
224,1,1,1,236,D5300BDC-7AEE-4267-8EB9-B36587013088.jpg
225,1,1,1,237,33CACF10-921E-4B32-8575-89B067ED0BB6.jpg
226,1,2,1,,4CFB99FB-D922-4B14-B9AE-AB32146B22AB.jpg
227,1,1,2,238,F9692A72-AF54-4179-B707-FEC37882715D.jpg
228,1,1,1,239,CA89BD35-09EA-4C9B-A0C1-2F6E60FDFBBF.jpg
229,1,1,1,240,CE6A6A58-2572-4279-B928-4216984B2407.jpg
230,1,1,1,241,BF1BACF3-7D24-4536-A89C-8E48B1319BD4.jpg
231,1,1,1,242,2F541C9E-1B36-4908-9F56-CEC75296E2FA.jpg
232,1,1,1,243,7AFBDC51-9CBA-4567-BA62-AAEFB0C2D2AD.jpg
233,1,1,1,244,0BF7BAF8-3EBD-4D47-9338-A05FB36B290D.jpg
234,1,1,1,245,B327AA9E-BDFB-4B82-8C5D-DF3F343475D6.jpg
235,1,1,1,246,26382045-D144-4576-8E56-0AFA34F68F07.jpg
236,1,1,1,247,630E4F2B-BBBE-4F14-8B61-4132F5B45BBA.jpg
237,1,1,1,248,1BDD4B99-1CD2-4133-B3CA-B718B0D38956.jpg
238,1,1,1,249,30768600-9A9B-4B0B-AC54-8B7FD99B2091.jpg
239,1,1,1,250,30FDB911-B3A5-4619-8F3B-82A32A3E59A2.jpg
240,1,1,1,251,E06DDDF9-C48A-4705-A73B-0FBAD52CF799.jpg
241,1,1,1,252,DEB4D0A5-35F9-4032-AA5E-CF853C31E26E.jpg
242,1,1,1,253,7A07737E-5E0A-4013-95B7-40588B19DBC9.jpg
243,1,1,1,254,E41F6953-276A-4E2F-93C4-53C19FC64A6F.jpg
244,1,1,1,255,B99C0F85-68BB-4A33-A17B-99FFF59A956B.jpg
245,1,1,1,256,4874C465-54BE-4A13-A433-FF2859A82294.jpg
246,1,2,1,,194B11D5-5B40-452B-8419-31574DED5A9F.jpg
247,1,1,1,258,B6DD7F11-612E-4893-866A-F5D92F3ED3BB.jpg
248,1,1,2,257,774FA01C-F945-428D-A42A-3CD828D8854C.jpg
249,1,1,1,259,4839B796-16A7-4241-897A-7C0E8BE492A1.jpg
250,1,1,1,260,40B8D2C7-731C-4006-91F0-C48FEF71814C.jpg
251,1,1,1,261,312720EA-EA28-45D7-A266-EA12EB0CE02D.jpg
252,1,1,1,262,C47FBA40-FEF4-4F69-BCCD-54D521C396A5.jpg
253,1,1,1,263,4B345069-A544-4A4C-97FA-464782E1ED4D.jpg
254,1,2,1,,3EB14930-4550-4AF8-B777-EC080A5A824F.jpg
255,1,1,2,264,63F63B34-49D0-4BD9-8007-DE08C5BEF952.jpg
256,1,1,1,265,AD2D9147-801D-4E4B-B917-0BDC2ADD6DBE.jpg
257,1,1,1,266,219492BF-AD7F-425D-8EC7-25D9A371081D.jpg
258,1,1,1,267,7EB366E6-CCC7-4268-86E5-C5F9A08FC8EB.jpg
259,1,1,1,268,630F082C-395B-4746-973B-AF04C26E1886.jpg
260,1,1,1,269,207558D3-EE15-4E08-83A8-F57DD0770F1A.jpg
261,1,1,1,270,0197F308-5DA4-452A-94E3-B793EA0A4FB1.jpg
262,1,1,1,271,CBCCFA50-8A36-4D46-87D7-696E000EE946.jpg
263,1,1,1,272,53B68444-E65E-440E-9432-5151FE642B4C.jpg
264,1,1,1,273,285C95EE-BBB8-4E61-AD66-0863F67BA825.jpg
265,1,1,1,274,8C7A5A45-49B9-4121-AA25-C8DF4E844BE7.jpg
266,1,1,1,275,B8B31B76-C92D-4183-AEAF-1152D3DE5422.jpg
267,1,1,1,235,1E182FBC-521E-49E6-9CED-BED410D62A67.jpg
268,1,1,1,276,79B00E92-283C-4333-B34C-89D01A6CFF23.jpg
269,1,1,1,277,3A573E0D-F858-4A96-B31C-C174B9BA5206.jpg
270,1,1,1,278,D363F715-C7F3-40F5-A148-E9760E84E6C6.jpg
271,1,1,1,279,ED352E08-5C3D-46B2-8DD9-C4883F644407.jpg
272,1,1,1,280,C5E0C92A-895C-4675-B604-E2D18D2ACFAF.jpg
273,1,1,1,281,33ACD1ED-562B-488F-9373-84B0D823ACD5.jpg
274,1,1,1,282,E0B5B1BC-1211-4761-9D24-F85A462D115D.jpg
275,1,1,1,283,B87E6924-1121-4EBF-8FE5-A84FA69160A8.jpg
276,1,1,1,284,2DB9DA41-1531-451E-8B6D-0FE1CEE3AC12.jpg
277,1,1,1,285,4E1ADBD5-077E-40BD-A5B4-611B615FB51C.jpg
278,1,1,1,286,B9511288-4538-41B4-AE40-B53F5DFD4183.jpg
279,1,1,1,287,77D45DF1-33CF-4E7E-8744-9BD65E23067E.jpg
280,1,1,1,288,B80B8C0C-73B6-42BC-B1E1-59245513AFFD.jpg
281,1,1,1,289,29A0780E-C329-4853-B5DC-870DD5D21486.jpg
282,1,1,1,290,61173DE7-2F60-4A76-B7DB-DC20D51D6816.jpg
283,1,1,1,291,71C907A8-A094-486A-A82F-B80482209D27.jpg
284,1,1,1,292,B0DA5611-906F-469F-AE8B-0EC67A819B04.jpg
285,1,1,1,293,F1EBAB78-D06F-4E63-98E7-9BEFA0BD3BAC.jpg
286,1,1,1,294,57DAEFA0-6380-4B1E-9C17-BD8981DC342C.jpg
287,1,1,1,295,E1E96EC0-2184-4724-9F4F-990195D88D63.jpg
